scenario	baselineCount	finalCount	pairedCount	baselineWeightedSurvivalPct	finalWeightedSurvivalPct	baselineMeanPerSeedSurvivalPct	finalMeanPerSeedSurvivalPct	baselineCollapsedBelow25Pct	finalCollapsedBelow25Pct	pairedDeltaMeanPp	pairedDeltaCi95LowPpApprox	pairedDeltaCi95HighPpApprox	baselineMinusFinalWeightedLossPp	weightedLossGateMax3Pp	partial
food-news	20	20	20	100	100	100	100	0	0	0	0	0	0	true	false
conflicts	20	20	20	100	100	100	100	0	0	0	0	0	0	true	false
tiny	20	20	20	99.3976	99.3976	99.4444	99.4444	0	0	0	0	0	0	true	false
band	20	20	20	99.5349	99.6914	99.5158	99.6720	0	0	0.1563	-0.1708	0.4833	-0.1565	true	false
crowded	20	20	20	99.9343	99.6717	99.9342	99.6735	0	0	-0.2607	-0.5778	0.0565	0.2626	true	false
century	20	20	20	72.8797	68.1818	70.3176	66.4029	1	1	-3.9147	-15.6735	7.8442	4.6979	false	false
craft	20	20	20	96.4088	97.9396	95.6627	97.5333	0	0	1.8706	-1.8204	5.5616	-1.5307	true	false
wilds	20	20	20	90.3930	88.5463	89.8838	87.6133	0	0	-2.2706	-10.8290	6.2878	1.8468	true	false
emptied	20	20	20	99.5305	100	99.5833	100	0	0	0.4167	-0.4554	1.2888	-0.4695	true	false
hearths	20	20	20	93.0168	95.5331	92.0274	94.6485	0	0	2.6210	-5.9429	11.1850	-2.5164	true	false
porters	20	20	20	99.2218	99.0272	99.1833	98.9833	0	0	-0.2000	-0.6186	0.2186	0.1946	true	false
scribes	20	20	20	94.2611	86	92.9558	85.3281	0	0	-7.6277	-15.1694	-0.0860	8.2611	false	false
harsh-winter	20	20	20	98.6320	100	98.4375	100	0	0	1.5625	-0.5859	3.7109	-1.3680	true	false
coast	20	20	20	100	100	100	100	0	0	0	0	0	0	true	false
traps	20	20	20	99.7642	98.5915	99.7619	98.6619	0	0	-1.1000	-2.6918	0.4918	1.1726	true	false
millers	20	20	20	61.6279	59.2292	60.3320	58.0342	2	4	-2.2978	-20.2836	15.6880	2.3987	true	false
hunters	20	20	20	96.2477	95.5056	96.3485	95.4959	0	0	-0.8525	-4.1895	2.4844	0.7420	true	false
fishers	20	20	20	97.9206	97.5238	98.0836	97.6516	0	0	-0.4319	-1.3262	0.4623	0.3968	true	false
farmers	20	20	20	69.1971	64.9096	67.3893	63.6936	0	1	-3.6957	-17.9019	10.5105	4.2874	false	false
herders	20	20	20	86.9281	88.2258	85.4967	87.0899	1	1	1.5932	-6.7468	9.9333	-1.2977	true	false
feasts	20	20	20	85.8921	76.4451	83.7681	74.9200	0	2	-8.8481	-20.4994	2.8033	9.4470	false	false
stewards	20	20	20	64.6884	54.6154	63.6436	53.3144	2	3	-10.3292	-23.0007	2.3423	10.0730	false	false
labour	20	20	20	96.1074	88.7686	95.8657	88.7253	0	0	-7.1403	-15.3345	1.0539	7.3388	false	false
polity	20	20	20	97.7074	97.2943	97.5434	96.9426	0	0	-0.6008	-5.7269	4.5253	0.4132	true	false
conquest	20	20	20	81.0580	60.9672	80.7446	61.3502	0	0	-19.3944	-32.4752	-6.3135	20.0908	false	false
culture	20	20	20	97.5332	99.4307	97.6648	99.4505	0	0	1.7857	-1.9518	5.5232	-1.8975	true	false
lean	20	20	20	3.2609	2.8916	3.1839	2.8455	20	20	-0.3384	-2.3748	1.6979	0.3693	true	false
diggers	20	20	20	82.5083	86.2295	81.4876	85.3171	1	0	3.8295	-3.8572	11.5161	-3.7213	true	false
